{
    "type": "sftp",
    "save_before_upload": true,
    "upload_on_save": true,
    "sync_down_on_open": false,
    "sync_skip_deletes": false,
    "sync_same_age": true,
    "confirm_downloads": false,
    "confirm_sync": true,
    "confirm_overwrite_newer": false,
    
    "host": "72.60.152.144",
    "user": "root",
    "port": "22",
    "remote_path": "/var/www/curt",
    
    "ignore_regexes": [
        "\\.sublime-(project|workspace)",
        "sftp-config(-alt\\d?)?\\.json",
        "sftp-settings\\.json",
        "/venv/",
        "\\.svn/",
        "\\.hg/",
        "\\.git/",
        "\\.bzr",
        "_darcs",
        "CVS",
        "\\.DS_Store",
        "Thumbs\\.db",
        "desktop\\.ini"
    ],
    
    "connect_timeout": 30
}